0001,Model/Type,N/A,1
0002,Model/Type,N/A,2
0003,Model/Type,N/A,3
0004,Model/Type,N/A,4
0005,Model/Type,N/A,5
0006,Model/Type,N/A,6
0007,Model/Type,N/A,7
0008,Model/Type,N/A,8
0009,Model/Type,N/A,9
0010,Model/Type,N/A,10
0011,Model/Type,N/A,11
0012,Model/Type,N/A,12
0013,Model/Type,N/A,13
0014,Model/Type,N/A,14
0015,Model/Type,N/A,15
0016,Model/Type,N/A,16
0017,Model/Type,N/A,17
0018,Model/Type,N/A,18
0019,Model/Type,N/A,19
0020,Model/Type,N/A,20
0021,Model/Type,N/A,21
0022,Model/Type,N/A,22
0023,Model/Type,N/A,23
0024,Model/Type,N/A,24
0025,Model/Type,N/A,25
0026,Model/Type,N/A,26
0027,Model/Type,N/A,27
0028,Model/Type,N/A,28
0029,Model/Type,N/A,29
0030,Model/Type,N/A,30
0031,Model/Type,N/A,31
0032,Model/Type,N/A,32
0033,Model/Type,N/A,33
0034,Model/Type,N/A,34
0035,Model/Type,N/A,35
0036,Model/Type,N/A,36
0037,Model/Type,N/A,37
0038,Model/Type,N/A,38
0039,Model/Type,N/A,39
0040,Model/Type,N/A,40
0041,Model/Type,N/A,41
0042,Model/Type,N/A,42
0043,Model/Type,N/A,43
0044,Model/Type,N/A,44
0045,Model/Type,N/A,45
0046,Model/Type,N/A,46
0047,Model/Type,N/A,47
0048,Model/Type,N/A,48
0049,Model/Type,N/A,49
0050,Model/Type,N/A,50
0051,Model/Type,N/A,51
0052,Model/Type,N/A,52
0053,Model/Type,N/A,53
0054,Model/Type,N/A,54
0055,Model/Type,N/A,55
0056,Model/Type,N/A,56
0057,Model/Type,N/A,57
0058,Model/Type,N/A,58
0059,Model/Type,N/A,59
0060,Model/Type,N/A,60
0061,Model/Type,N/A,61
0062,Model/Type,N/A,62
0063,Model/Type,N/A,63
0064,Model/Type,N/A,64
0065,Model/Type,N/A,65
0066,Model/Type,N/A,66
0067,Model/Type,N/A,67
0068,Model/Type,N/A,68
0069,Model/Type,N/A,69
0070,Model/Type,N/A,70
0071,Model/Type,N/A,71
0072,Model/Type,N/A,72
0073,Model/Type,N/A,73
0074,Model/Type,N/A,74
0075,Model/Type,N/A,75
0076,Model/Type,N/A,76
0077,Model/Type,N/A,77
0078,Model/Type,N/A,78
0079,Model/Type,N/A,79
0080,Model/Type,N/A,80
0081,Model/Type,N/A,81
0082,Model/Type,N/A,82
