0001,1,1,10001,P00001,BELT DRESSING,pcs,1.00,pcs,80.00,0.00,,0.00,1
0001,1,1,10002,P00002,GASKET MAKER-RED,pcs,1.00,pcs,105.00,0.00,,0.00,2
0001,1,1,10003,P00003,SOLVENT CEMENT CAN 400ML,can,1.00,can,0.00,0.00,,0.00,3
0001,1,1,10004,P00004,NITOFLON TAPE-1/2 GREEN,pcs,1.00,pcs,350.00,0.00,,0.00,4
0001,1,1,10005,P00005,NITOFLON TAPE-1/2 RED,pcs,1.00,pcs,380.00,0.00,,0.00,5
0002,1,1,20001,P00006,BEARING-1200,pcs,1.00,pcs,0.00,0.00,,0.00,6
0002,1,1,20002,P00007,BEARING-1203,pcs,1.00,pcs,0.00,0.00,,0.00,7
0002,1,1,20003,P00008,BEARING-1204,pcs,1.00,pcs,375.00,0.00,,0.00,8
0002,1,1,20004,P00009,BEARING-1205,pcs,1.00,pcs,1073.00,0.00,,0.00,9
0002,1,1,20005,P00010,BEARING-130 NK,pcs,1.00,pcs,0.00,0.00,,0.00,10
0002,1,1,20006,P00011,BEARING-25 CSK,pcs,1.00,pcs,0.00,0.00,,0.00,11
0002,1,1,20007,P00012,BEARING-356218 CSK,pcs,1.00,pcs,0.00,0.00,,0.00,12
0002,1,1,20008,P00013,BEARING-51104,pcs,1.00,pcs,250.00,0.00,,0.00,13
0002,1,1,20009,P00014,BEARING-5204ZZ,pcs,1.00,pcs,0.00,0.00,,0.00,14
0002,1,1,20010,P00015,BEARING-6001,pcs,1.00,pcs,100.00,0.00,,0.00,15
0002,1,1,20011,P00016,BEARING-6002,pcs,1.00,pcs,110.00,0.00,,0.00,16
0002,1,1,20012,P00017,BEARING-6003,pcs,1.00,pcs,70.00,0.00,,0.00,17
0002,1,1,20013,P00018,BEARING-6004,pcs,1.00,pcs,80.00,0.00,,0.00,18
0002,1,1,20014,P00019,BEARING-6005,pcs,1.00,pcs,100.00,0.00,,0.00,19
0002,1,1,20015,P00020,BEARING-6010,pcs,1.00,pcs,370.00,0.00,,0.00,20
0002,1,1,20016,P00021,BEARING-6017,pcs,1.00,pcs,1298.00,0.00,,0.00,21
0002,1,1,20017,P00022,BEARING-6024,pcs,1.00,pcs,0.00,0.00,,0.00,22
0002,1,1,20018,P00023,BEARING-609ZZ,pcs,1.00,pcs,120.00,0.00,,0.00,23
0002,1,1,20019,P00024,BEARING-6202,pcs,1.00,pcs,110.00,0.00,,0.00,24
0002,1,1,20020,P00025,BEARING-6203,pcs,1.00,pcs,120.00,0.00,,0.00,25
0002,1,1,20021,P00026,BEARING-6206,pcs,1.00,pcs,250.00,0.00,,0.00,26
0002,1,1,20022,P00027,BEARING-6207,pcs,1.00,pcs,309.00,0.00,,0.00,27
0002,1,1,20023,P00028,BEARING-6208ZZ,pcs,1.00,pcs,470.00,0.00,,0.00,28
0002,1,1,20024,P00029,BEARING-6303,pcs,1.00,pcs,180.00,0.00,,0.00,29
0002,1,1,20025,P00030,BEARING-6305DD,pcs,1.00,pcs,270.00,0.00,,0.00,30
0002,1,1,20026,P00031,BEARING-6305ZZ,pcs,1.00,pcs,390.00,0.00,,0.00,31
0002,1,1,20027,P00032,BEARING-6306ZZ,pcs,1.00,pcs,777.00,0.00,,0.00,32
0002,1,1,20028,P00033,BEARING-6311-ZZ,pcs,1.00,pcs,1475.00,0.00,,0.00,33
0002,1,1,20029,P00034,BEARING-6317,pcs,1.00,pcs,0.00,0.00,,0.00,34
0002,1,1,20030,P00035,BEARING-6800,pcs,1.00,pcs,0.00,0.00,,0.00,35
0002,1,1,20031,P00036,BEARING-6900-2RS,pcs,1.00,pcs,110.00,0.00,,0.00,36
0002,1,1,20032,P00037,BEARING-6904,pcs,1.00,pcs,0.00,0.00,,0.00,37
0002,1,1,20033,P00038,BEARING-LM16UU,pcs,1.00,pcs,550.00,0.00,,0.00,38
0002,1,1,20034,P00039,BEARING-LM20UU,pcs,1.00,pcs,450.00,0.00,,0.00,39
0002,1,1,20035,P00040,BEARING-LM25UU,pcs,1.00,pcs,935.00,0.00,,0.00,40
0002,1,1,20036,P00041,BEARING-LMU30UU,pcs,1.00,pcs,0.00,0.00,,0.00,41
0002,1,1,20037,P00042,BEARING-ROD END 8MM / PHS 8 LDK,pcs,1.00,pcs,450.00,0.00,,0.00,42
0002,1,1,20038,P00043,BEARING-ROD END PHS12 ONSKO,pcs,1.00,pcs,483.00,0.00,,0.00,43
0002,1,1,20039,P00044,BEARING-SBR25UU,pcs,1.00,pcs,0.00,0.00,,0.00,44
0002,1,1,20040,P00045,BEARING-SLIDE W35C,pcs,1.00,pcs,1600.00,0.00,,0.00,45
0002,1,1,20041,P00046,BEARING-UCF 206J,pcs,1.00,pcs,385.00,0.00,,0.00,46
0002,1,1,20042,P00047,BEARING-UCF 207J,pcs,1.00,pcs,0.00,0.00,,0.00,47
0002,1,1,20043,P00048,BEARING-UCF 211,pcs,1.00,pcs,1700.00,0.00,,0.00,48
0002,1,1,20044,P00049,BEARING-UCFC208,pcs,1.00,pcs,0.00,0.00,,0.00,49
0002,1,1,20045,P00050,BEARING-UCFC211,pcs,1.00,pcs,450.00,0.00,,0.00,50
0002,1,1,20046,P00051,BEARING-UCFL208J,pcs,1.00,pcs,1600.00,0.00,,0.00,51
0002,1,1,20047,P00052,BEARING-UCT206J,pcs,1.00,pcs,1931.00,0.00,,0.00,52
0002,1,1,20048,P00053,BEARING-TU35 SKF,pcs,1.00,pcs,0.00,0.00,,0.00,53
0002,1,1,20049,P00054,BEARING-6209 2RS,mtr,1.00,mtr,470.00,0.00,,0.00,54
0002,1,1,20050,P00055,SLIDE BEARING-LMEF40UU,pcs,1.00,pcs,0.00,0.00,,0.00,55
0002,1,1,20051,P00056,BEARING-1201,pcs,1.00,pcs,0.00,0.00,,0.00,56
0002,1,1,20052,P00057,BEARING-6006,pcs,1.00,pcs,0.00,0.00,,0.00,57
0002,1,1,20053,P00058,BEARING-UCT207J,pcs,1.00,pcs,0.00,0.00,,0.00,58
0002,1,1,20054,P00059,BEARING-UCT208J,pcs,1.00,pcs,0.00,0.00,,0.00,59
0003,1,1,30001,P00060,B2210 Li,pcs,1.00,pcs,0.00,0.00,,0.00,60
0003,1,1,30002,P00061,BANDO A-26,pcs,1.00,pcs,0.00,0.00,,0.00,61
0003,1,1,30003,P00062,BANDO A-42,pcs,1.00,pcs,100.43,0.00,,0.00,62
0003,1,1,30004,P00063,BANDO A-43,pcs,1.00,pcs,137.90,0.00,,0.00,63
0003,1,1,30005,P00064,BANDO A-45,pcs,1.00,pcs,143.40,0.00,,0.00,64
0003,1,1,30006,P00065,BANDO A-52,pcs,1.00,pcs,164.00,0.00,,0.00,65
0003,1,1,30007,P00066,BANDO B-22,pcs,1.00,pcs,162.70,0.00,,0.00,66
0003,1,1,30008,P00067,BANDO B-37,pcs,1.00,pcs,186.30,0.00,,0.00,67
0003,1,1,30009,P00068,BANDO B-45,pcs,1.00,pcs,218.60,0.00,,0.00,68
0003,1,1,30010,P00069,BANDO B-48,pcs,1.00,pcs,0.00,0.00,,0.00,69
0003,1,1,30011,P00070,BANDO B-52,pcs,1.00,pcs,0.00,0.00,,0.00,70
0003,1,1,30012,P00071,BANDO B-54,pcs,1.00,pcs,262.60,0.00,,0.00,71
0003,1,1,30013,P00072,BANDO B-58,pcs,1.00,pcs,379.30,0.00,,0.00,72
0003,1,1,30014,P00073,BANDO B-63,pcs,1.00,pcs,0.00,0.00,,0.00,73
0003,1,1,30015,P00074,BANDO B-70,pcs,1.00,pcs,0.00,0.00,,0.00,74
0003,1,1,30016,P00075,BANDO B-71,pcs,1.00,pcs,349.40,0.00,,0.00,75
0003,1,1,30017,P00076,BANDO B-78,pcs,1.00,pcs,389.40,0.00,,0.00,76
0003,1,1,30018,P00077,BANDO B-82,pcs,1.00,pcs,414.10,0.00,,0.00,77
0003,1,1,30019,P00078,BANDO B-87,pcs,1.00,pcs,0.00,0.00,,0.00,78
0003,1,1,30020,P00079,BANDO B-90,pcs,1.00,pcs,0.00,0.00,,0.00,79
0003,1,1,30021,P00080,BANDO B-94,pcs,1.00,pcs,503.40,0.00,,0.00,80
0003,1,1,30022,P00081,BANDO B-95,pcs,1.00,pcs,0.00,0.00,,0.00,81
0003,1,1,30023,P00082,BANDO C-103,pcs,1.00,pcs,0.00,0.00,,0.00,82
0003,1,1,30024,P00083,BANDO C-78,pcs,1.00,pcs,0.00,0.00,,0.00,83
0003,1,1,30025,P00084,BANDO C-79,pcs,1.00,pcs,0.00,0.00,,0.00,84
0003,1,1,30026,P00085,BANDO C-85,pcs,1.00,pcs,0.00,0.00,,0.00,85
0003,1,1,30027,P00086,BANDO C-95,pcs,1.00,pcs,0.00,0.00,,0.00,86
0003,1,1,30028,P00087,BANDO C-97,pcs,1.00,pcs,0.00,0.00,,0.00,87
0003,1,1,30029,P00088,BANDO C-125,pcs,1.00,pcs,1019.70,0.00,,0.00,88
0003,1,1,30030,P00089,BANDO M-25,pcs,1.00,pcs,0.00,0.00,,0.00,89
0003,1,1,30031,P00090,BANDO M-26,pcs,1.00,pcs,0.00,0.00,,0.00,90
0003,1,1,30032,P00091,BELT-510 L,pcs,1.00,pcs,0.00,0.00,,0.00,91
0003,1,1,30033,P00092,HTD 1200- 8M,pcs,1.00,pcs,0.00,0.00,,0.00,92
0003,1,1,30034,P00093,HTD 592- 8M,pcs,1.00,pcs,0.00,0.00,,0.00,93
0003,1,1,30035,P00094,HTD 880 - 8M,pcs,1.00,pcs,0.00,0.00,,0.00,94
0003,1,1,30036,P00095,MBP B-73,pcs,1.00,pcs,0.00,0.00,,0.00,95
0003,1,1,30037,P00096,MBP C-126,pcs,1.00,pcs,0.00,0.00,,0.00,96
0003,1,1,30038,P00097,CHAIN-40-2R*10ft,pcs,1.00,pcs,0.00,0.00,,0.00,97
0003,1,1,30039,P00098,POLYURETHANE BELT 10MM,pcs,1.00,pcs,85.00,0.00,,0.00,98
0003,1,1,30040,P00099,POLYURETHANE BELT 6MM,pcs,1.00,pcs,85.00,0.00,,0.00,99
0003,1,1,30041,P00100,SMALL BELT FOR STRAW COLLECT CONVEYOR (WHITE),pcs,1.00,pcs,31.00,0.00,,0.00,100
0003,1,1,30042,P00101,WIDE BELT FOR STRAW COLLECT CONVEYOR (WHITE),pcs,1.00,pcs,68.50,0.00,,0.00,101
0004,1,1,40001,P00102,BUTANE,btl,1.00,btl,22.00,0.00,,0.00,102
0004,1,1,40002,P00103,COMPRESSOR OIL CORENA S4R 46 SHELL,pail,1.00,pail,17700.00,0.00,,0.00,103
0004,1,1,40003,P00104,COMPRESSOR OIL CORENA S2 P68 SHELL,pail,1.00,pail,6413.00,0.00,,0.00,104
0004,1,1,40004,P00105,CALTEX COMPRESSOR OIL EP VDL 68,pail,1.00,pail,5400.00,0.00,,0.00,105
0004,1,1,40005,P00106,GEAR OIL MEROPA 150 CALTEX 18 LTRS,pail,1.00,pail,3950.00,0.00,,0.00,106
0004,1,1,40006,P00107,GEAR OIL MEROPA 220 CALTEX 200 LTRS,drm,1.00,drm,0.00,0.00,,0.00,107
0004,1,1,40007,P00108,HYDRAULIC OIL #46 CALTEX,pail,1.00,pail,37100.00,0.00,,0.00,108
0004,1,1,40008,P00109,HYDRAULIC OIL AW46 (20 L) S-OIL,pail,1.00,pail,3250.00,0.00,,0.00,109
0004,1,1,40009,P00110,HYDRAULIC OIL AW68,pail,1.00,pail,3270.00,0.00,,0.00,110
0004,1,1,40010,P00111,INDUSTRIAL GREASE UNI GREASE MP 3 (500g),can,1.00,can,179.40,0.00,,0.00,111
0004,1,1,40011,P00112,MOLD CLEANER,pcs,1.00,pcs,280.00,0.00,,0.00,112
0004,1,1,40012,P00113,MOLD RELEASE AGENT,pcs,1.00,pcs,130.00,0.00,,0.00,113
0004,1,1,40013,P00114,WD-40,btl,1.00,btl,0.00,0.00,,0.00,114
0005,1,1,50001,P00115,DETERGENT POWDER,pcs,1.00,pcs,0.10,0.00,,0.00,115
0005,1,1,50002,P00116,DISPOSABLE SYRINGE,pcs,1.00,pcs,0.00,0.00,,0.00,116
0005,1,1,50003,P00117,BAMBOO CURTAIN 28*80*25,pcs,1.00,pcs,350.00,0.00,,0.00,117
0005,1,1,50004,P00118,BAMBOO CURTAIN 30*80*25,pcs,1.00,pcs,350.00,0.00,,0.00,118
0005,1,1,50005,P00119,BAMBOO CURTAIN 30*100*25,pcs,1.00,pcs,350.00,0.00,,0.00,119
0005,1,1,50006,P00120,BAMBOO CURTAIN 40*100*25,pcs,1.00,pcs,350.00,0.00,,0.00,120
0005,1,1,50007,P00121,BRONZE ROD 3/16 (76cm),pcs,1.00,pcs,84.00,0.00,,0.00,121
0005,1,1,50008,P00122,BRUSH STRIP BLACK ALUMINUM NYLON (19 inch),pcs,1.00,pcs,0.00,0.00,,0.00,122
0005,1,1,50009,P00123,NOZZLE (AIR SHAFTING),pcs,1.00,pcs,0.00,0.00,,0.00,123
0005,1,1,50010,P00124,TEFLON CLOTH,pcs,1.00,pcs,1000.00,0.00,,0.00,124
0005,1,1,50011,P00125,MOLD INSERTS-67-6OZ,pcs,1.00,pcs,0.00,0.00,,0.00,125
0005,1,1,50012,P00126,MOLD INSERTS-67-7OZ,pcs,1.00,pcs,0.00,0.00,,0.00,126
0005,1,1,50013,P00127,MOLD INSERTS-67-8OZ,pcs,1.00,pcs,0.00,0.00,,0.00,127
0006,1,1,60001,P00128,BUFFING WHEEL RED,pcs,1.00,pcs,30.00,0.00,,0.00,128
0006,1,1,60002,P00129,CARBIDE TIP 1/2 inch CENTER,pcs,1.00,pcs,230.00,0.00,,0.00,129
0006,1,1,60003,P00130,CARBIDE TIP 3/8 inch CENTER,pcs,1.00,pcs,130.00,0.00,,0.00,130
0006,1,1,60004,P00131,CARBIDE TIP 3/8 inch LEFT,pcs,1.00,pcs,130.00,0.00,,0.00,131
0006,1,1,60005,P00132,CARBIDE TIP 3/8 inch RIGHT,pcs,1.00,pcs,130.00,0.00,,0.00,132
0006,1,1,60006,P00133,COLD CUTTER BLADE,pcs,1.00,pcs,0.00,0.00,,0.00,133
0006,1,1,60007,P00134,CUTTER BLADE-600MM*70*13,pcs,1.00,pcs,0.00,0.00,,0.00,134
0006,1,1,60008,P00135,DIAMOND WHEEL 4 inch,pcs,1.00,pcs,0.00,0.00,,0.00,135
0006,1,1,60009,P00136,DIE CUT MINI,pcs,1.00,pcs,450.00,0.00,,0.00,136
0006,1,1,60010,P00137,DIE CUT TINY,pcs,1.00,pcs,450.00,0.00,,0.00,137
0006,1,1,60011,P00138,DIE CUT MEDIUM,pcs,1.00,pcs,500.00,0.00,,0.00,138
0006,1,1,60012,P00139,DIE CUT LARGE,pcs,1.00,pcs,500.00,0.00,,0.00,139
0006,1,1,60013,P00140,DIE CUT EXTRA LARGE,pcs,1.00,pcs,0.00,0.00,,0.00,140
0006,1,1,60014,P00141,DIE CUT MEDIUM (CURVE),pcs,1.00,pcs,0.00,0.00,,0.00,141
0006,1,1,60015,P00142,DIE CUT LARGE (CURVE),pcs,1.00,pcs,0.00,0.00,,0.00,142
0006,1,1,60016,P00143,DIE CUT JUMBO,pcs,1.00,pcs,550.00,0.00,,0.00,143
0006,1,1,60017,P00144,DRILL BIT 3/16 (4MM),pcs,1.00,pcs,76.00,0.00,,0.00,144
0006,1,1,60018,P00145,DRILL BIT 1/8 (4MM),pcs,1.00,pcs,76.00,0.00,,0.00,145
0006,1,1,60019,P00146,FLAP WHEEL 72 m/s 4 inch,pcs,1.00,pcs,32.00,0.00,,0.00,146
0006,1,1,60020,P00147,GRINDING STONE-4 inch TAILIN,pcs,1.00,pcs,44.00,0.00,,0.00,147
0006,1,1,60021,P00148,HACKSAW BLADE-10 TEETH 18-1-1/4-6.062 (ECLIPSE),pcs,1.00,pcs,0.00,0.00,,0.00,148
0006,1,1,60022,P00149,SANDING DISC 4 inch P80,pcs,1.00,pcs,16.00,0.00,,0.00,149
0006,1,1,60023,P00150,STEEL DRILL BIT 1/8 inch,pcs,1.00,pcs,53.00,0.00,,0.00,150
0006,1,1,60024,P00151,STRAW CUTTER BLADE,pcs,1.00,pcs,0.00,0.00,,0.00,151
0006,1,1,60025,P00152,TAILIN CUTTING DISC 4 inch,pcs,1.00,pcs,26.00,0.00,,0.00,152
0006,1,1,60026,P00153,TOOL BIT 1/2 (MOMAX CLEVELAND),pcs,1.00,pcs,145.00,0.00,,0.00,153
0006,1,1,60027,P00154,TOOL BIT 3/8 CLEVELAND,pcs,1.00,pcs,80.00,0.00,,0.00,154
0006,1,1,60028,P00155,TOOL BIT 5/16 (MOMAX CLEVELAND),pcs,1.00,pcs,0.00,0.00,,0.00,155
0006,1,1,60029,P00156,PERFORATION BLADE 40cm*32cm,pcs,1.00,pcs,0.00,0.00,,0.00,156
0006,1,1,60030,P00157,PBJ CUTTER BLADE (FLAT),pcs,1.00,pcs,0.00,0.00,,0.00,157
0007,1,1,70001,P00158,100A ENCLOSURE ONLY,pcs,1.00,pcs,0.00,0.00,,0.00,158
0007,1,1,70002,P00159,250A ENCLOSURE ONLY,pcs,1.00,pcs,0.00,0.00,,0.00,159
0007,1,1,70003,P00160,250A ENCLOSURE WITH BREAKER,pcs,1.00,pcs,0.00,0.00,,0.00,160
0007,1,1,70004,P00161,40A ENCLOSURE ONLY,pcs,1.00,pcs,0.00,0.00,,0.00,161
0007,1,1,70005,P00162,40A ENCLOSURE WITH BREAKER,pcs,1.00,pcs,0.00,0.00,,0.00,162
0007,1,1,70006,P00163,ANTI STATIC DEVICE,pcs,1.00,pcs,5500.00,0.00,,0.00,163
0007,1,1,70007,P00164,CABLE TIE-10 inch / 4MM X 250MM,pcs,1.00,pcs,0.84,0.00,,0.00,164
0007,1,1,70008,P00165,CABLE TIE-14 inch / 8MM X 350MM,pcs,1.00,pcs,3.35,0.00,,0.00,165
0007,1,1,70009,P00166,CABLE TIE-22 inch / 9MM X 550MM,pcs,1.00,pcs,8.36,0.00,,0.00,166
0007,1,1,70010,P00167,CABLE TIE-4MM X 200MM,pcs,1.00,pcs,2.44,0.00,,0.00,167
0007,1,1,70011,P00168,CABLE TIE-6 inch / 3MM X 150MM,pcs,1.00,pcs,0.35,0.00,,0.00,168
0007,1,1,70012,P00169,CABLE TIE-8MM X 450MM,pcs,1.00,pcs,0.00,0.00,,0.00,169
0007,1,1,70013,P00170,CAPACITOR 108-130 UF,pcs,1.00,pcs,0.00,0.00,,0.00,170
0007,1,1,70014,P00171,CAPACITOR 88-106UF 250V AC,pcs,1.00,pcs,0.00,0.00,,0.00,171
0007,1,1,70015,P00172,CHNT BREAKER C63,pcs,1.00,pcs,0.00,0.00,,0.00,172
0007,1,1,70016,P00173,CIRCUIT BREAKER (CHNT) C32 2F 400V,pcs,1.00,pcs,0.00,0.00,,0.00,173
0007,1,1,70017,P00174,CIRCUIT BREAKER (CHNT) C40 3F 400V,pcs,1.00,pcs,0.00,0.00,,0.00,174
0007,1,1,70018,P00175,CIRCUIT BREAKER (CHNT) DZ158 3P 415V,pcs,1.00,pcs,0.00,0.00,,0.00,175
0007,1,1,70019,P00176,CIRCUIT BREAKER BM250-CN SHINLIN,pcs,1.00,pcs,0.00,0.00,,0.00,176
0007,1,1,70020,P00177,COPPER JOINT (TERMINAL LUGS),pcs,1.00,pcs,0.00,0.00,,0.00,177
0007,1,1,70021,P00178,DEVCON EPOXY,pcs,1.00,pcs,138.00,0.00,,0.00,178
0007,1,1,70022,P00179,DIGITAL PRESSURE SWITCH,pcs,1.00,pcs,0.00,0.00,,0.00,179
0007,1,1,70023,P00180,ELECTRICAL RUBBER TAPE,pcs,1.00,pcs,200.00,0.00,,0.00,180
0007,1,1,70024,P00181,ELECTRICAL TAPE,pcs,1.00,pcs,43.00,0.00,,0.00,181
0007,1,1,70025,P00182,ELECTROSTATIC ELIMINATOR,pcs,1.00,pcs,1000.00,0.00,,0.00,182
0007,1,1,70026,P00183,EMERGENCY STOP W/RESET LOCK,pcs,1.00,pcs,225.00,0.00,,0.00,183
0007,1,1,70027,P00184,EMT CONDUIT BODY TYPE 32mm,pcs,1.00,pcs,0.00,0.00,,0.00,184
0007,1,1,70028,P00185,EMT CONNECTOR 1 inch,pcs,1.00,pcs,0.00,0.00,,0.00,185
0007,1,1,70029,P00186,EMT CONNECTOR 1/2 inch,pcs,1.00,pcs,0.00,0.00,,0.00,186
0007,1,1,70030,P00187,EMT CONNECTOR 2 inch,pcs,1.00,pcs,0.00,0.00,,0.00,187
0007,1,1,70031,P00188,EMT COUPLING 1 1/2 inch,pcs,1.00,pcs,0.00,0.00,,0.00,188
0007,1,1,70032,P00189,EMT ELBOW 1 1/4 inch,pcs,1.00,pcs,0.00,0.00,,0.00,189
0007,1,1,70033,P00190,EMT ELBOW 1 inch,pcs,1.00,pcs,0.00,0.00,,0.00,190
0007,1,1,70034,P00191,EMT ELBOW 1/2 inch,pcs,1.00,pcs,0.00,0.00,,0.00,191
0007,1,1,70035,P00192,EMT MALE FEMALE ELBOW 1 1/2 inch,pcs,1.00,pcs,0.00,0.00,,0.00,192
0007,1,1,70036,P00193,EXCELLENCE ELECTRONIC SPEED SWITCH,pcs,1.00,pcs,0.00,0.00,,0.00,193
0007,1,1,70037,P00194,FUSE LINK 15K,pcs,1.00,pcs,0.00,0.00,,0.00,194
0007,1,1,70038,P00195,FUSE LINK 20K,pcs,1.00,pcs,0.00,0.00,,0.00,195
0007,1,1,70039,P00196,FUSE LINK 30K,pcs,1.00,pcs,0.00,0.00,,0.00,196
0007,1,1,70040,P00197,FUSE LINK 40K,pcs,1.00,pcs,0.00,0.00,,0.00,197
0007,1,1,70041,P00198,FUSE LINK 50K,pcs,1.00,pcs,0.00,0.00,,0.00,198
0007,1,1,70042,P00199,FUSE LINK 60K,pcs,1.00,pcs,0.00,0.00,,0.00,199
0007,1,1,70043,P00200,FUSE LINK 65K,pcs,1.00,pcs,0.00,0.00,,0.00,200
0007,1,1,70044,P00201,INDCATOR GREEN,pcs,1.00,pcs,0.00,0.00,,0.00,201
0007,1,1,70045,P00202,INDCATOR YELLOW,pcs,1.00,pcs,0.00,0.00,,0.00,202
0007,1,1,70046,P00203,INTELLIGENT SPEED CONTROL,pcs,1.00,pcs,0.00,0.00,,0.00,203
0007,1,1,70047,P00204,LED BULB 18W FIREFLY,pcs,1.00,pcs,0.00,0.00,,0.00,204
0007,1,1,70048,P00205,LED BULB 30W FIREFLY,pcs,1.00,pcs,0.00,0.00,,0.00,205
0007,1,1,70049,P00206,LINEAR TRANSDUCER SENSOR GEFRAN (LT-M-0200-S-XL0202),pcs,1.00,pcs,0.00,0.00,,0.00,206
0007,1,1,70050,P00207,LONG BARREL LUGS 400MCM,pcs,1.00,pcs,0.00,0.00,,0.00,207
0007,1,1,70051,P00208,MAGIC EYE PHOTOELECTRIC SWITCH E3JK-DS30M1,pcs,1.00,pcs,0.00,0.00,,0.00,208
0007,1,1,70052,P00209,MAGNETIC CONTACTOR-LC1N1210M6N,pcs,1.00,pcs,0.00,0.00,,0.00,209
0007,1,1,70053,P00210,MINI RELAY-CHINT ( JQX-13F)(D) 8PINS,pcs,1.00,pcs,0.00,0.00,,0.00,210
0007,1,1,70054,P00211,MINI RELAY-RJ15-CL (IDEC) 5 PINS,pcs,1.00,pcs,0.00,0.00,,0.00,211
0007,1,1,70055,P00212,OUTPUT RELAY,pcs,1.00,pcs,0.00,0.00,,0.00,212
0007,1,1,70056,P00213,PANEL METER 30mA TJ-750,pcs,1.00,pcs,0.00,0.00,,0.00,213
0007,1,1,70057,P00214,PANEL METER 50A TQC-750,pcs,1.00,pcs,0.00,0.00,,0.00,214
0007,1,1,70058,P00215,PHOTOELECTRIC SENSOR-KETAI Z3J-DS50E3 JULONG,pcs,1.00,pcs,3000.00,0.00,,0.00,215
0007,1,1,70059,P00216,PHOTOELECTRIC SENSOR-NT-RG22,pcs,1.00,pcs,6000.00,0.00,,0.00,216
0007,1,1,70060,P00217,PHOTOELECTRIC SWITCH SENSOR-F31-L5N-P31P2,pcs,1.00,pcs,2300.00,0.00,,0.00,217
0007,1,1,70061,P00218,POTENTIOMETER 2W 470K OHM,pcs,1.00,pcs,57.00,0.00,,0.00,218
0007,1,1,70062,P00219,POTENTIOMETER-4.7K WXD3-13,pcs,1.00,pcs,200.00,0.00,,0.00,219
0007,1,1,70063,P00220,PROGRAMMABLE CONTROLLER FX3SA-20MR-CM,pcs,1.00,pcs,0.00,0.00,,0.00,220
0007,1,1,70064,P00221,PROXIMITY SENSOR TL-05M,pcs,1.00,pcs,418.00,0.00,,0.00,221
0007,1,1,70065,P00222,PROXIMITY SENSOR-CS1U020 AIRTAC,pcs,1.00,pcs,500.00,0.00,,0.00,222
0007,1,1,70066,P00223,PROXIMITY SENSOR-FOTEK KL-05N ORANGE,pcs,1.00,pcs,350.00,0.00,,0.00,223
0007,1,1,70067,P00224,PROXIMITY SENSOR-KM12-04N,pcs,1.00,pcs,0.00,0.00,,0.00,224
0007,1,1,70068,P00225,PROXIMITY SENSOR-KM12-04N FOTEK,pcs,1.00,pcs,400.00,0.00,,0.00,225
0007,1,1,70069,P00226,PROXIMITY SENSOR-PL-05N FOTEK,pcs,1.00,pcs,309.00,0.00,,0.00,226
0007,1,1,70070,P00227,PROXIMITY SENSOR-RK-05N1,pcs,1.00,pcs,0.00,0.00,,0.00,227
0007,1,1,70071,P00228,PROXIMITY SENSOR-SM12-31010 STORD,pcs,1.00,pcs,0.00,0.00,,0.00,228
0007,1,1,70072,P00229,RECTILINEAR DISPLACEMENT TRANSDUCER SENSOR GEFRAN (PY-2-F-025-S01M-XL0202),pcs,1.00,pcs,0.00,0.00,,0.00,229
0007,1,1,70073,P00230,REED SENSOR (CMSG-020) 2 WIRE/IP65,pcs,1.00,pcs,0.00,0.00,,0.00,230
0007,1,1,70074,P00231,SCHNEIDER BREAKER E2C100F 40A,pcs,1.00,pcs,0.00,0.00,,0.00,231
0007,1,1,70075,P00232,SELECTOR SWITCH SS-30-2 600V MAX 6A AC 250V,pcs,1.00,pcs,0.00,0.00,,0.00,232
0007,1,1,70076,P00233,SERVO MOTOR-MS1H1-7B30CB INOVANCE,pcs,1.00,pcs,0.00,0.00,,0.00,233
0007,1,1,70077,P00234,SERVO MOTOR-SGD7S YASKAWA,pcs,1.00,pcs,0.00,0.00,,0.00,234
0007,1,1,70078,P00235,SOLID STATE RELAY-KSR-25DA FOTEK,pcs,1.00,pcs,0.00,0.00,,0.00,235
0007,1,1,70079,P00236,SOLID STATE RELAY-KSR-40DAE,pcs,1.00,pcs,0.00,0.00,,0.00,236
0007,1,1,70080,P00237,SOLID STATE RELAY-SSR-25A-DC INPUT AC OUTPUT,pcs,1.00,pcs,0.00,0.00,,0.00,237
0007,1,1,70081,P00238,SOLID STATE SENSOR-DMSJ-020 AIRTAC,pcs,1.00,pcs,0.00,0.00,,0.00,238
0007,1,1,70082,P00239,SPAGHETTI TUBE-3.5mm2,pcs,1.00,pcs,20.00,0.00,,0.00,239
0007,1,1,70083,P00240,SPEED CONTROLLER FOR WIDE BELT,pcs,1.00,pcs,114.00,0.00,,0.00,240
0007,1,1,70084,P00241,SWITCH PANASONIC WEG5001K-5,pcs,1.00,pcs,0.00,0.00,,0.00,241
0007,1,1,70085,P00242,TEMPERATURE CONTOLLER-PXE-4,pcs,1.00,pcs,0.00,0.00,,0.00,242
0007,1,1,70086,P00243,TEMPERATURE CONTROLLER,pcs,1.00,pcs,41.50,0.00,,0.00,243
0007,1,1,70087,P00244,TEMPERATURE CONTROLLER PXE-4,pcs,1.00,pcs,0.00,0.00,,0.00,244
0007,1,1,70088,P00245,TEMPERATURE CONTROLLER-17L582517,pcs,1.00,pcs,0.00,0.00,,0.00,245
0007,1,1,70089,P00246,TEMPERATURE CONTROLLER-34109(N)GTB-ATL 110-0000,pcs,1.00,pcs,0.00,0.00,,0.00,246
0007,1,1,70090,P00247,TEMPERATURE CONTROLLER-ETC-20V FOTEK,pcs,1.00,pcs,1000.00,0.00,,0.00,247
0007,1,1,70091,P00248,TEMPERATURE CONTROLLER-NGG-5411-1(1615),pcs,1.00,pcs,0.00,0.00,,0.00,248
0007,1,1,70092,P00249,TEMPERATURE CONTROLLER-XMTE-3410(N),pcs,1.00,pcs,0.00,0.00,,0.00,249
0007,1,1,70093,P00250,TEMPORARY CONTROLLER SHINDEN-PN-821K-R,pcs,1.00,pcs,0.00,0.00,,0.00,250
0007,1,1,70094,P00251,TERMINAL BLOCK 2 POLES (CERAMINC),pcs,1.00,pcs,0.00,0.00,,0.00,251
0007,1,1,70095,P00252,TERMINAL BLOCK TB-2512,pcs,1.00,pcs,0.00,0.00,,0.00,252
0007,1,1,70096,P00253,TERMINAL LUGS SA-125 SOLDERLESS,pcs,1.00,pcs,0.00,0.00,,0.00,253
0007,1,1,70097,P00254,TERMINAL LUGS-FORK 1.25-4 (INSULATED),pcs,1.00,pcs,2.30,0.00,,0.00,254
0007,1,1,70098,P00255,TERMINAL LUGS-FORK 2-4 (INSULATED),pcs,1.00,pcs,3.00,0.00,,0.00,255
0007,1,1,70099,P00256,TERMINAL LUGS-RING 1.25-4 (INSULATED),pcs,1.00,pcs,3.00,0.00,,0.00,256
0007,1,1,70100,P00257,TERMINAL LUGS-RING 14-6 (NON INSULATED),pcs,1.00,pcs,19.00,0.00,,0.00,257
0007,1,1,70101,P00258,TERMINAL LUGS-RING 14-8 (NON INSULATED),pcs,1.00,pcs,20.00,0.00,,0.00,258
0007,1,1,70102,P00259,TERMINAL LUGS-RING 200-12,pcs,1.00,pcs,0.00,0.00,,0.00,259
0007,1,1,70103,P00260,TERMINAL LUGS-RING 22-10 (NON INSULATED),pcs,1.00,pcs,0.00,0.00,,0.00,260
0007,1,1,70104,P00261,TERMINAL LUGS-RING 22-6 (NON INSULATED),pcs,1.00,pcs,26.00,0.00,,0.00,261
0007,1,1,70105,P00262,TERMINAL LUGS-RING 22-8 (NON INSULATED),pcs,1.00,pcs,26.00,0.00,,0.00,262
0007,1,1,70106,P00263,TERMINAL LUGS-RING 2-4 (INSULATED),pcs,1.00,pcs,2.00,0.00,,0.00,263
0007,1,1,70107,P00264,TERMINAL LUGS-RING 2-6 (NON INSULATED),pcs,1.00,pcs,5.00,0.00,,0.00,264
0007,1,1,70108,P00265,TERMINAL LUGS-RING 3.5-5 (INSULATED),pcs,1.00,pcs,2.30,0.00,,0.00,265
0007,1,1,70109,P00266,TERMINAL LUGS-RING 38-10 (NON INSULATED),pcs,1.00,pcs,42.00,0.00,,0.00,266
0007,1,1,70110,P00267,TERMINAL LUGS-RING 38-12,pcs,1.00,pcs,39.00,0.00,,0.00,267
0007,1,1,70111,P00268,TERMINAL LUGS-RING 38-8 (NON INSULATED),pcs,1.00,pcs,53.00,0.00,,0.00,268
0007,1,1,70112,P00269,TERMINAL LUGS-RING 5.5-5 (NON- INSULATED),pcs,1.00,pcs,3.15,0.00,,0.00,269
0007,1,1,70113,P00270,TERMINAL LUGS-RING 5.5-6 (INSULATED),pcs,1.00,pcs,8.00,0.00,,0.00,270
0007,1,1,70114,P00271,TERMINAL LUGS-RING 50-10,pcs,1.00,pcs,0.00,0.00,,0.00,271
0007,1,1,70115,P00272,TERMINAL LUGS-RING 50-12,pcs,1.00,pcs,69.00,0.00,,0.00,272
0007,1,1,70116,P00273,TERMINAL LUGS-RING 60-10,pcs,1.00,pcs,0.00,0.00,,0.00,273
0007,1,1,70117,P00274,TERMINAL LUGS-RING 70-10,pcs,1.00,pcs,0.00,0.00,,0.00,274
0007,1,1,70118,P00275,TERMINAL LUGS-RING 80-10 NI 3/0-4/0,pcs,1.00,pcs,0.00,0.00,,0.00,275
0007,1,1,70119,P00276,TERMINAL LUGS-RING 8-6 (NON INSULATED),pcs,1.00,pcs,8.00,0.00,,0.00,276
0007,1,1,70120,P00277,TERMINAL LUGS-RING 8-8 (NON INSULATED),pcs,1.00,pcs,23.00,0.00,,0.00,277
0007,1,1,70121,P00278,THERMAL OVERLOAD RELAY (NR2-25 17-25A),pcs,1.00,pcs,0.00,0.00,,0.00,278
0007,1,1,70122,P00279,THERMAL OVERLOAD RELAY (NR2-36 28-32A),pcs,1.00,pcs,0.00,0.00,,0.00,279
0007,1,1,70123,P00280,THERMAL OVERLOAD RELAY (NR2-93 37-50A),pcs,1.00,pcs,0.00,0.00,,0.00,280
0007,1,1,70124,P00281,THERMAL OVERLOAD RELAY TH-P60 ETA 67A (54A-80A),pcs,1.00,pcs,0.00,0.00,,0.00,281
0007,1,1,70125,P00282,THERMAL OVERLOAD RELAY-JR36-63,pcs,1.00,pcs,0.00,0.00,,0.00,282
0007,1,1,70126,P00283,THERMAL OVERLOAD RELAY-TH-P12ES 3.3A 2.5A-4.1A,pcs,1.00,pcs,0.00,0.00,,0.00,283
0007,1,1,70127,P00284,THERMAL OVERLOAD RELAY-TH-P20 ETA 40A 32A-48A,pcs,1.00,pcs,0.00,0.00,,0.00,284
0007,1,1,70128,P00285,THERMOCOUPLE,pcs,1.00,pcs,5.70,0.00,,0.00,285
0007,1,1,70129,P00286,THERMOCOUPLE WRNT-01 W/ CLOTH 5000mm,pcs,1.00,pcs,357.00,0.00,,0.00,286
0007,1,1,70130,P00287,THERMOCOUPLE WRT-01 W/O CLOTH,pcs,1.00,pcs,0.00,0.00,,0.00,287
0007,1,1,70131,P00288,THERMOCOUPLE-WRN-02 W/ CLOTH 2M,pcs,1.00,pcs,0.00,0.00,,0.00,288
0007,1,1,70132,P00289,THERMOCOUPLE-WRNT-01 3M W/O CLOTH,pcs,1.00,pcs,0.00,0.00,,0.00,289
0007,1,1,70133,P00290,TRANSFORMER 220V,pcs,1.00,pcs,14000.00,0.00,,0.00,290
0008,1,1,80001,P00291,ALLEN BOLT 10 X 35,pcs,1.00,pcs,12.50,0.00,,0.00,291
0008,1,1,80002,P00292,ALLEN BOLT 10 X 50,pcs,1.00,pcs,16.00,0.00,,0.00,292
0008,1,1,80003,P00293,ALLEN BOLT 10 X 75,pcs,1.00,pcs,20.00,0.00,,0.00,293
0008,1,1,80004,P00294,ALLEN BOLT 12 X 120,pcs,1.00,pcs,0.00,0.00,,0.00,294
0008,1,1,80005,P00295,ALLEN BOLT 12 X 25,pcs,1.00,pcs,20.00,0.00,,0.00,295
0008,1,1,80006,P00296,ALLEN BOLT 12 X 30,pcs,1.00,pcs,14.50,0.00,,0.00,296
0008,1,1,80007,P00297,ALLEN BOLT 12 X 50,pcs,1.00,pcs,22.00,0.00,,0.00,297
0008,1,1,80008,P00298,ALLEN BOLT 12 X 75,pcs,1.00,pcs,29.00,0.00,,0.00,298
0008,1,1,80009,P00299,ALLEN BOLT 14 X 50,pcs,1.00,pcs,0.00,0.00,,0.00,299
0008,1,1,80010,P00300,ALLEN BOLT 14 X 70,pcs,1.00,pcs,170.00,0.00,,0.00,300
0008,1,1,80011,P00301,ALLEN BOLT 16 X 40,pcs,1.00,pcs,0.00,0.00,,0.00,301
0008,1,1,80012,P00302,ALLEN BOLT 16 X 45,pcs,1.00,pcs,60.00,0.00,,0.00,302
0008,1,1,80013,P00303,ALLEN BOLT 16 X 60,pcs,1.00,pcs,0.00,0.00,,0.00,303
0008,1,1,80014,P00304,ALLEN BOLT 16 X 75,pcs,1.00,pcs,85.00,0.00,,0.00,304
0008,1,1,80015,P00305,ALLEN BOLT 18 X 60,pcs,1.00,pcs,0.00,0.00,,0.00,305
0008,1,1,80016,P00306,ALLEN BOLT 5 X 10,pcs,1.00,pcs,6.00,0.00,,0.00,306
0008,1,1,80017,P00307,ALLEN BOLT 5 X 100,pcs,1.00,pcs,23.50,0.00,,0.00,307
0008,1,1,80018,P00308,ALLEN BOLT 5 X 25,pcs,1.00,pcs,6.48,0.00,,0.00,308
0008,1,1,80019,P00309,ALLEN BOLT 5 X 50,pcs,1.00,pcs,8.00,0.00,,0.00,309
0008,1,1,80020,P00310,ALLEN BOLT 5 X 55,pcs,1.00,pcs,11.00,0.00,,0.00,310
0008,1,1,80021,P00311,ALLEN BOLT 5 X 60,pcs,1.00,pcs,12.00,0.00,,0.00,311
0008,1,1,80022,P00312,ALLEN BOLT 6 X 25,pcs,1.00,pcs,6.50,0.00,,0.00,312
0008,1,1,80023,P00313,ALLEN BOLT 6 X 45,pcs,1.00,pcs,8.00,0.00,,0.00,313
0008,1,1,80024,P00314,ALLEN BOLT 8 X 25,pcs,1.00,pcs,6.68,0.00,,0.00,314
0008,1,1,80025,P00315,ALLEN BOLT 8 X 35,pcs,1.00,pcs,7.50,0.00,,0.00,315
0008,1,1,80026,P00316,ALLEN BOLT 8 X 50,pcs,1.00,pcs,9.00,0.00,,0.00,316
0008,1,1,80027,P00317,ALLEN BOLT 8 X 75,pcs,1.00,pcs,16.50,0.00,,0.00,317
0008,1,1,80028,P00318,BLIND RIVETS 1/8 x3/4,pcs,1.00,pcs,0.00,0.00,,0.00,318
0008,1,1,80029,P00319,DOOR SPRING-6 BLACK,pcs,1.00,pcs,25.00,0.00,,0.00,319
0008,1,1,80030,P00320,FLAT HEAD JF BOLT 8 X 50,pcs,1.00,pcs,0.00,0.00,,0.00,320
0008,1,1,80031,P00321,HEAT BENT SPRING-15*60,pcs,1.00,pcs,40.00,0.00,,0.00,321
0008,1,1,80032,P00322,HEAT BENT SPRING-20*30,pcs,1.00,pcs,40.00,0.00,,0.00,322
0008,1,1,80033,P00323,HEAT BENT SPRING-20*70,pcs,1.00,pcs,40.00,0.00,,0.00,323
0008,1,1,80034,P00324,HEAT BENT SPRING-20*80,pcs,1.00,pcs,40.00,0.00,,0.00,324
0008,1,1,80035,P00325,HEX BOLT 10 X 15,pcs,1.00,pcs,3.92,0.00,,0.00,325
0008,1,1,80036,P00326,HEX BOLT 10 X 25,pcs,1.00,pcs,0.00,0.00,,0.00,326
0008,1,1,80037,P00327,HEX BOLT 10 X 40,pcs,1.00,pcs,4.16,0.00,,0.00,327
0008,1,1,80038,P00328,HEX BOLT 10 X 45,pcs,1.00,pcs,0.00,0.00,,0.00,328
0008,1,1,80039,P00329,HEX BOLT 12 X 30,pcs,1.00,pcs,5.50,0.00,,0.00,329
0008,1,1,80040,P00330,HEX BOLT 14 X 60,pcs,1.00,pcs,13.00,0.00,,0.00,330
0008,1,1,80041,P00331,HEX BOLT 16 X 50,pcs,1.00,pcs,0.00,0.00,,0.00,331
0008,1,1,80042,P00332,HEX BOLT 16 X 75,pcs,1.00,pcs,20.00,0.00,,0.00,332
0008,1,1,80043,P00333,HEX BOLT 16 X 75 (Fine Thread),pcs,1.00,pcs,0.00,0.00,,0.00,333
0008,1,1,80044,P00334,HEX BOLT 18 X 50,pcs,1.00,pcs,55.00,0.00,,0.00,334
0008,1,1,80045,P00335,HEX BOLT 19 X 50,pcs,1.00,pcs,0.00,0.00,,0.00,335
0008,1,1,80046,P00336,HEX BOLT 5 X 25,pcs,1.00,pcs,1.13,0.00,,0.00,336
0008,1,1,80047,P00337,HEX BOLT 5 X 45,pcs,1.00,pcs,1.64,0.00,,0.00,337
0008,1,1,80048,P00338,HEX BOLT 6 X 25,pcs,1.00,pcs,1.98,0.00,,0.00,338
0008,1,1,80049,P00339,HEX BOLT 6 X 35,pcs,1.00,pcs,1.76,0.00,,0.00,339
0008,1,1,80050,P00340,HEX BOLT 6 X 40,pcs,1.00,pcs,3.50,0.00,,0.00,340
0008,1,1,80051,P00341,HEX BOLT 6 X 50,pcs,1.00,pcs,2.48,0.00,,0.00,341
0008,1,1,80052,P00342,HEX BOLT 8 X 25,pcs,1.00,pcs,2.55,0.00,,0.00,342
0008,1,1,80053,P00343,HEX BOLT 8 X 50,pcs,1.00,pcs,5.55,0.00,,0.00,343
0008,1,1,80054,P00344,STAINLESS ROUND BAR-13MM*38,pcs,1.00,pcs,0.00,0.00,,0.00,344
0008,1,1,80055,P00345,STRUCTURAL BOLT-A325,pcs,1.00,pcs,0.00,0.00,,0.00,345
0008,1,1,80056,P00346,TEKSCREW 12 X 25,pcs,1.00,pcs,0.00,0.00,,0.00,346
0008,1,1,80057,P00347,TEKSCREW 12 X 50,pcs,1.00,pcs,0.70,0.00,,0.00,347
0008,1,1,80058,P00348,TENSION SPRING 1.2mm*12mm*50mm,pcs,1.00,pcs,200.00,0.00,,0.00,348
0009,1,1,90001,P00349,PUMP OILERS,pcs,1.00,pcs,0.00,0.00,,0.00,349
0009,1,1,90002,P00350,PUNCHING BOARD 22CM*15MM SMALL,pcs,1.00,pcs,450.00,0.00,,0.00,350
0009,1,1,90003,P00351,PUNCHING MACHINE HMI DEE-TP-0P20,pcs,1.00,pcs,5000.00,0.00,,0.00,351
0009,1,1,90004,P00352,ROBOTIC ARM,pcs,1.00,pcs,3000.00,0.00,,0.00,352
0009,1,1,90005,P00353,RUBBER FOR ROBOTIC ARM,pcs,1.00,pcs,30.00,0.00,,0.00,353
0009,1,1,90006,P00354,SCREEN CHANGER ON THE STRAW MACHINE,pcs,1.00,pcs,740.00,0.00,,0.00,354
0010,1,1,10001,P00355,CARTRIDGE HEATER 12*160 220V 300W,pcs,1.00,pcs,0.00,0.00,,0.00,355
0010,1,1,10002,P00356,CARTRIDGE HEATER 12*615 220V 1200W,pcs,1.00,pcs,0.00,0.00,,0.00,356
0010,1,1,10003,P00357,CARTRIDGE HEATER 13.7*750 220V 3200W,pcs,1.00,pcs,0.00,0.00,,0.00,357
0010,1,1,10004,P00358,CARTRIDGE HEATER 14*270 220V 700W,pcs,1.00,pcs,0.00,0.00,,0.00,358
0010,1,1,10005,P00359,CARTRIDGE HEATER 14*515 (220V 2400W),pcs,1.00,pcs,0.00,0.00,,0.00,359
0010,1,1,10006,P00360,CARTRIDGE HEATER 15.8*435 220V 2400W,pcs,1.00,pcs,0.00,0.00,,0.00,360
0010,1,1,10007,P00361,CARTRIDGE HEATER 15.8*510 (220V 2200W),pcs,1.00,pcs,0.00,0.00,,0.00,361
0010,1,1,10008,P00362,CARTRIDGE HEATER 17.5*180 220V 500W,pcs,1.00,pcs,0.00,0.00,,0.00,362
0010,1,1,10009,P00363,CARTRIDGE HEATER 2021/03 (220V 200W),pcs,1.00,pcs,0.00,0.00,,0.00,363
0010,1,1,10010,P00364,CARTRIDGE HEATER 470*25 110V 700W,pcs,1.00,pcs,0.00,0.00,,0.00,364
0010,1,1,10011,P00365,CARTRIDGE HEATER 8*250 220V 500W,pcs,1.00,pcs,0.00,0.00,,0.00,365
0010,1,1,10012,P00366,CARTRIDGE HEATER-12MM*150MM 220VAC 400W,pcs,1.00,pcs,0.00,0.00,,0.00,366
0010,1,1,10013,P00367,CARTRIDGE HEATER-12MM*180MM 220VAC 500W,pcs,1.00,pcs,0.00,0.00,,0.00,367
0010,1,1,10014,P00368,CARTRIDGE HEATER-17MM*200MM 220VAC 600W,pcs,1.00,pcs,0.00,0.00,,0.00,368
0010,1,1,10015,P00369,CARTRIDGE HEATER-17MM*260MM 220VAC 700W,pcs,1.00,pcs,0.00,0.00,,0.00,369
0010,1,1,10016,P00370,CARTRIDGE HEATER-17MM*60MM 220VAC 500W,pcs,1.00,pcs,0.00,0.00,,0.00,370
0010,1,1,10017,P00371,CARTRIDGE NEEDLE HEATER 17/11 220V 100W,pcs,1.00,pcs,0.00,0.00,,0.00,371
0010,1,1,10018,P00372,CERAMIC HEATER-325W (2-LEAD WIRES) SHORT,pcs,1.00,pcs,5.00,0.00,,0.00,372
0010,1,1,10019,P00373,CERAMIC HEATER-325W (4 -LEAD WIRES) SHORT,pcs,1.00,pcs,38.00,0.00,,0.00,373
0010,1,1,10020,P00374,CERAMIC HEATER-650W (4-LEAD WIRES) LONG,pcs,1.00,pcs,38.00,0.00,,0.00,374
0010,1,1,10021,P00375,CROSSFLOW FAN W/ MOTOR,pcs,1.00,pcs,5000.00,0.00,,0.00,375
0010,1,1,10022,P00376,EXTRUDER HEATER 120x100 220V 1000W (FLAT),pcs,1.00,pcs,0.00,0.00,,0.00,376
0010,1,1,10023,P00377,EXTRUDER HEATER 120x100 220V 1500W (FLAT),pcs,1.00,pcs,0.00,0.00,,0.00,377
0010,1,1,10024,P00378,EXTRUDER HEATER 134x120 220V 1200W,pcs,1.00,pcs,0.00,0.00,,0.00,378
0010,1,1,10025,P00379,EXTRUDER HEATER 134x90 220V 900W,pcs,1.00,pcs,0.00,0.00,,0.00,379
0010,1,1,10026,P00380,EXTRUDER HEATER 135x100 220V 1500W,pcs,1.00,pcs,0.00,0.00,,0.00,380
0010,1,1,10027,P00381,EXTRUDER HEATER 135x135 220V 1500W,pcs,1.00,pcs,0.00,0.00,,0.00,381
0010,1,1,10028,P00382,EXTRUDER HEATER 135x135 220V 1500W (CERAMIC),pcs,1.00,pcs,0.00,0.00,,0.00,382
0010,1,1,10029,P00383,EXTRUDER HEATER 135x80 220V 1500W,pcs,1.00,pcs,0.00,0.00,,0.00,383
0010,1,1,10030,P00384,EXTRUDER HEATER 150x105 220V 1200W,pcs,1.00,pcs,0.00,0.00,,0.00,384
0010,1,1,10031,P00385,EXTRUDER HEATER 150x125 220V 1400W,pcs,1.00,pcs,0.00,0.00,,0.00,385
0010,1,1,10032,P00386,EXTRUDER HEATER 150x150 220V 1700W,pcs,1.00,pcs,0.00,0.00,,0.00,386
0010,1,1,10033,P00387,EXTRUDER HEATER 150x76 220V 1000W,pcs,1.00,pcs,0.00,0.00,,0.00,387
0010,1,1,10034,P00388,EXTRUDER HEATER 150x85 220V 1000W,pcs,1.00,pcs,0.00,0.00,,0.00,388
0010,1,1,10035,P00389,EXTRUDER HEATER 180x110 220V 1600W (CURVE),pcs,1.00,pcs,0.00,0.00,,0.00,389
0010,1,1,10036,P00390,EXTRUDER HEATER 180x130 AC 220V (CURVE),pcs,1.00,pcs,0.00,0.00,,0.00,390
0010,1,1,10037,P00391,EXTRUDER HEATER 220x150 AC 220V (CURVE),pcs,1.00,pcs,0.00,0.00,,0.00,391
0010,1,1,10038,P00392,EXTRUDER HEATER 225x90 220V 1800W,pcs,1.00,pcs,0.00,0.00,,0.00,392
0010,1,1,10039,P00393,EXTRUDER HEATER 225x90 220V 1900W,pcs,1.00,pcs,0.00,0.00,,0.00,393
0010,1,1,10040,P00394,EXTRUDER HEATER 82x110 220V 1000W,pcs,1.00,pcs,0.00,0.00,,0.00,394
0010,1,1,10041,P00395,EXTRUDER HEATER 98x100 220V 800W,pcs,1.00,pcs,0.00,0.00,,0.00,395
0010,1,1,10042,P00396,FILAMENT HALLOGEN HEATER - LONG (78 cm),pcs,1.00,pcs,0.00,0.00,,0.00,396
0010,1,1,10043,P00397,FILAMENT HALLOGEN HEATER - SHORT (37cm),pcs,1.00,pcs,0.00,0.00,,0.00,397
0010,1,1,10044,P00398,HEATER 100x120 220V 350W (FLAT),pcs,1.00,pcs,0.00,0.00,,0.00,398
0010,1,1,10045,P00399,HEATER 120x25 220V 280W,pcs,1.00,pcs,7.20,0.00,,0.00,399
0010,1,1,10046,P00400,HEATER 130x40 220V 160W,pcs,1.00,pcs,7.20,0.00,,0.00,400
0010,1,1,10047,P00401,HEATER 135x100 220V 1500W (CERAMIC),pcs,1.00,pcs,0.00,0.00,,0.00,401
0010,1,1,10048,P00402,HEATER 135x55 220V 700W,pcs,1.00,pcs,11.50,0.00,,0.00,402
0010,1,1,10049,P00403,HEATER 135x80 220V 1500W (CERAMIC),pcs,1.00,pcs,0.00,0.00,,0.00,403
0010,1,1,10050,P00404,HEATER 320x100 220V 2000W,pcs,1.00,pcs,0.00,0.00,,0.00,404
0010,1,1,10051,P00405,HEATER 320x165 220V 3300W,pcs,1.00,pcs,0.00,0.00,,0.00,405
0010,1,1,10052,P00406,HEATER 320x80 220V 1800W,pcs,1.00,pcs,0.00,0.00,,0.00,406
0010,1,1,10053,P00407,HEATER 338x75 220V 1800W,pcs,1.00,pcs,0.00,0.00,,0.00,407
0010,1,1,10054,P00408,HEATER 340x110 220V 1300W (FLAT),pcs,1.00,pcs,0.00,0.00,,0.00,408
0010,1,1,10055,P00409,HEATER 340x290 220V 2900W (FLAT),pcs,1.00,pcs,0.00,0.00,,0.00,409
0010,1,1,10056,P00410,HEATER 490x135 220V 2600W (CERAMIC),pcs,1.00,pcs,0.00,0.00,,0.00,410
0010,1,1,10057,P00411,HEATER 495x130 220V 2600W (CERAMIC),pcs,1.00,pcs,0.00,0.00,,0.00,411
0010,1,1,10058,P00412,HEATER 557x120 220V 2600W (CERAMIC),pcs,1.00,pcs,0.00,0.00,,0.00,412
0010,1,1,10059,P00413,HEATER 60x90 AC 220V,pcs,1.00,pcs,0.00,0.00,,0.00,413
0010,1,1,10060,P00414,HEATER 90x150 220V 1300W,pcs,1.00,pcs,0.00,0.00,,0.00,414
0010,1,1,10061,P00415,HEATER 90x160 220V 1400W,pcs,1.00,pcs,0.00,0.00,,0.00,415
0010,1,1,10062,P00416,HEATER 95x100 220V 950W,pcs,1.00,pcs,0.00,0.00,,0.00,416
0010,1,1,10063,P00417,HEATER 95x150 AC 220V,pcs,1.00,pcs,0.00,0.00,,0.00,417
0010,1,1,10064,P00418,HEATING TILES,pcs,1.00,pcs,0.00,0.00,,0.00,418
0010,1,1,10065,P00419,PBJ HEATER (100+100)x120 220V (L TYPE),pcs,1.00,pcs,0.00,0.00,,0.00,419
0010,1,1,10066,P00420,PBJ HEATER 115x50 220V 450W (ROUND),pcs,1.00,pcs,0.00,0.00,,0.00,420
0010,1,1,10067,P00421,PBJ HEATER 160x30220V 400W (SQUARE TYPE),pcs,1.00,pcs,0.00,0.00,,0.00,421
0010,1,1,10068,P00422,PBJ HEATER 210x60 220V 1000W (ROUND),pcs,1.00,pcs,0.00,0.00,,0.00,422
0010,1,1,10069,P00423,PBJ HEATER 26x318 220V (C-TYPE),pcs,1.00,pcs,0.00,0.00,,0.00,423
0010,1,1,10070,P00424,PBJ HEATER 56x40 220V 180W (ROUND),pcs,1.00,pcs,0.00,0.00,,0.00,424
0010,1,1,10071,P00425,PBJ HEATER 56x40 220V 200W (ROUND),pcs,1.00,pcs,0.00,0.00,,0.00,425
0010,1,1,10072,P00426,PBJ HEATER 600x30 220V (SQUARE TYPE),pcs,1.00,pcs,0.00,0.00,,0.00,426
0010,1,1,10073,P00427,PBJ HEATER 98x100 220V 800W (ROUND),pcs,1.00,pcs,0.00,0.00,,0.00,427
0010,1,1,10074,P00428,STRAW HEATER 118x25 230V 500W,pcs,1.00,pcs,700.00,0.00,,0.00,428
0010,1,1,10075,P00429,STRAW HEATER 127x38 220V 700W,pcs,1.00,pcs,0.00,0.00,,0.00,429
0010,1,1,10076,P00430,STRAW HEATER 128x35 220V 700W,pcs,1.00,pcs,0.00,0.00,,0.00,430
0010,1,1,10077,P00431,STRAW HEATER 128x65 220V 700W,pcs,1.00,pcs,0.00,0.00,,0.00,431
0010,1,1,10078,P00432,STRAW HEATER 88x38 230V 500W,pcs,1.00,pcs,600.00,0.00,,0.00,432
0010,1,1,10079,P00433,STRAW HEATER 96x102 220V 900W,pcs,1.00,pcs,0.00,0.00,,0.00,433
0011,1,1,11001,P00434,AIR REGULATOR-QTY-40 (0.15-0.8MPA) TSPC,mtr,1.00,mtr,18.10,0.00,,0.00,434
0011,1,1,11002,P00435,DIRECTIONAL CONTROL VALVE (SOLENOID VALVE),pcs,1.00,pcs,0.00,0.00,,0.00,435
0011,1,1,11003,P00436,DIRECTIONAL CONTROL VALVE (VF5120K-5GDI-03),pcs,1.00,pcs,0.00,0.00,,0.00,436
0011,1,1,11004,P00437,DIRECTIONAL VALVE DSG-01-3C2-D24-N1-51T,pcs,1.00,pcs,0.00,0.00,,0.00,437
0011,1,1,11005,P00438,HYDRAULIC HOSE 44.5 Mpa 3/8 inch 2 METERS (ST/90),pcs,1.00,pcs,2600.00,0.00,,0.00,438
0011,1,1,11006,P00439,HYDRAULIC HOSE 4782 PSI 3/8 inch 10 FT. (ST/90),pcs,1.00,pcs,2100.00,0.00,,0.00,439
0011,1,1,11007,P00440,OIL FILTER 66094172EF,pcs,1.00,pcs,1250.00,0.00,,0.00,440
0011,1,1,11008,P00441,OIL FITTINGS 1/8-4MM,pcs,1.00,pcs,0.00,0.00,,0.00,441
0011,1,1,11009,P00442,OIL SEPARATOR KS 0703,pcs,1.00,pcs,2700.00,0.00,,0.00,442
0011,1,1,11010,P00443,PNEUMATIC CYLINDER-8503078007,pcs,1.00,pcs,0.00,0.00,,0.00,443
0011,1,1,11011,P00444,PNEUMATIC CYLINDER-8DAU32175,pcs,1.00,pcs,0.00,0.00,,0.00,444
0011,1,1,11012,P00445,PNEUMATIC CYLINDER-8DAU3225,pcs,1.00,pcs,0.00,0.00,,0.00,445
0011,1,1,11013,P00446,PNEUMATIC CYLINDER-DAU32150 CHELIC,pcs,1.00,pcs,0.00,0.00,,0.00,446
0011,1,1,11014,P00447,PNEUMATIC CYLINDER-SC40X30 ZGXCL,pcs,1.00,pcs,0.00,0.00,,0.00,447
0011,1,1,11015,P00448,PNEUMATIC CYLINDER-SDA 32*20,pcs,1.00,pcs,0.00,0.00,,0.00,448
0011,1,1,11016,P00449,PNEUMATIC CYLINDER-SFDA2525X,pcs,1.00,pcs,0.00,0.00,,0.00,449
0011,1,1,11017,P00450,PNEUMATIC CYLINDER-TPM TSC 63*600,pcs,1.00,pcs,0.00,0.00,,0.00,450
0011,1,1,11018,P00451,PNEUMATIC CYLINDER-TPM TSDA 50X15-B,pcs,1.00,pcs,0.00,0.00,,0.00,451
0011,1,1,11019,P00452,PNEUMATIC FRL-AW3000-03 AND AL3000-03,pcs,1.00,pcs,4000.00,0.00,,0.00,452
0011,1,1,11020,P00453,PRESSURE GUAGE 3500 PSI 250 KG/cm2,pcs,1.00,pcs,0.00,0.00,,0.00,453
0011,1,1,11021,P00454,PU HOSE 10MM,pcs,1.00,pcs,0.00,0.00,,0.00,454
0011,1,1,11022,P00455,PU HOSE 12MM,pcs,1.00,pcs,0.00,0.00,,0.00,455
0011,1,1,11023,P00456,PU HOSE 4MM,pcs,1.00,pcs,0.00,0.00,,0.00,456
0011,1,1,11024,P00457,PU HOSE 6MM,pcs,1.00,pcs,0.00,0.00,,0.00,457
0011,1,1,11025,P00458,PU HOSE 8MM,pcs,1.00,pcs,0.00,0.00,,0.00,458
0011,1,1,11026,P00459,PUSH/PULL VALVE  (4R210-08),pcs,1.00,pcs,7.50,0.00,,0.00,459
0011,1,1,11027,P00460,SOLENOID VALVE-SW-6102,pcs,1.00,pcs,880.00,0.00,,0.00,460
0011,1,1,11028,P00461,SOLENOID VALVE-VF5110 SEB06,pcs,1.00,pcs,173.70,0.00,,0.00,461
0012,1,1,12001,P00462,BRASS BALL VALVE 1/2 inch,pcs,1.00,pcs,300.00,0.00,,0.00,462
0012,1,1,12002,P00463,FITTINGS-JSC 10-02,pcs,1.00,pcs,200.00,0.00,,0.00,463
0012,1,1,12003,P00464,FITTINGS-JSC 6-01,pcs,1.00,pcs,150.00,0.00,,0.00,464
0012,1,1,12004,P00465,FITTINGS-JSC 8-01,pcs,1.00,pcs,160.00,0.00,,0.00,465
0012,1,1,12005,P00466,FITTINGS-JSC 8-02,pcs,1.00,pcs,160.00,0.00,,0.00,466
0012,1,1,12006,P00467,FITTINGS-JSC 8-03,pcs,1.00,pcs,180.00,0.00,,0.00,467
0012,1,1,12007,P00468,FITTINGS-REDUCER 10-6,pcs,1.00,pcs,70.00,0.00,,0.00,468
0012,1,1,12008,P00469,FITTINGS-REDUCER 10-8,pcs,1.00,pcs,80.00,0.00,,0.00,469
0012,1,1,12009,P00470,FITTINGS-REDUCER 12-10,pcs,1.00,pcs,100.00,0.00,,0.00,470
0012,1,1,12010,P00471,FITTINGS-REDUCER 12-6,pcs,1.00,pcs,80.00,0.00,,0.00,471
0012,1,1,12011,P00472,FITTINGS-REDUCER 12-8,pcs,1.00,pcs,90.00,0.00,,0.00,472
0012,1,1,12012,P00473,FITTINGS-SPC 10-01,pcs,1.00,pcs,80.00,0.00,,0.00,473
0012,1,1,12013,P00474,FITTINGS-SPC 10-02,pcs,1.00,pcs,100.00,0.00,,0.00,474
0012,1,1,12014,P00475,FITTINGS-SPC 10-03,pcs,1.00,pcs,110.00,0.00,,0.00,475
0012,1,1,12015,P00476,FITTINGS-SPC 10-04,pcs,1.00,pcs,120.00,0.00,,0.00,476
0012,1,1,12016,P00477,FITTINGS-SPC 12-01,pcs,1.00,pcs,0.00,0.00,,0.00,477
0012,1,1,12017,P00478,FITTINGS-SPC 12-02,pcs,1.00,pcs,120.00,0.00,,0.00,478
0012,1,1,12018,P00479,FITTINGS-SPC 12-03,pcs,1.00,pcs,110.00,0.00,,0.00,479
0012,1,1,12019,P00480,FITTINGS-SPC 12-04,pcs,1.00,pcs,120.00,0.00,,0.00,480
0012,1,1,12020,P00481,FITTINGS-SPC 4-01,pcs,1.00,pcs,60.00,0.00,,0.00,481
0012,1,1,12021,P00482,FITTINGS-SPC 6-01,pcs,1.00,pcs,65.00,0.00,,0.00,482
0012,1,1,12022,P00483,FITTINGS-SPC 6-02,pcs,1.00,pcs,70.00,0.00,,0.00,483
0012,1,1,12023,P00484,FITTINGS-SPC 6-03,pcs,1.00,pcs,85.00,0.00,,0.00,484
0012,1,1,12024,P00485,FITTINGS-SPC 8-02,pcs,1.00,pcs,80.00,0.00,,0.00,485
0012,1,1,12025,P00486,FITTINGS-SPC 8-03,pcs,1.00,pcs,90.00,0.00,,0.00,486
0012,1,1,12026,P00487,FITTINGS-SPC 8-04,pcs,1.00,pcs,100.00,0.00,,0.00,487
0012,1,1,12027,P00488,FITTINGS-SPL 10-01,pcs,1.00,pcs,80.00,0.00,,0.00,488
0012,1,1,12028,P00489,FITTINGS-SPL 10-02,pcs,1.00,pcs,100.00,0.00,,0.00,489
0012,1,1,12029,P00490,FITTINGS-SPL 10-03,pcs,1.00,pcs,110.00,0.00,,0.00,490
0012,1,1,12030,P00491,FITTINGS-SPL 10-04,pcs,1.00,pcs,120.00,0.00,,0.00,491
0012,1,1,12031,P00492,FITTINGS-SPL 12-02,pcs,1.00,pcs,110.00,0.00,,0.00,492
0012,1,1,12032,P00493,FITTINGS-SPL 12-03,pcs,1.00,pcs,120.00,0.00,,0.00,493
0012,1,1,12033,P00494,FITTINGS-SPL 12-04,pcs,1.00,pcs,140.00,0.00,,0.00,494
0012,1,1,12034,P00495,FITTINGS-SPL 4-01,pcs,1.00,pcs,70.00,0.00,,0.00,495
0012,1,1,12035,P00496,FITTINGS-SPL 6-01,pcs,1.00,pcs,75.00,0.00,,0.00,496
0012,1,1,12036,P00497,FITTINGS-SPL 8-01,pcs,1.00,pcs,80.00,0.00,,0.00,497
0012,1,1,12037,P00498,FITTINGS-SPL 8-02,pcs,1.00,pcs,90.00,0.00,,0.00,498
0012,1,1,12038,P00499,FITTINGS-SPL 8-03,pcs,1.00,pcs,100.00,0.00,,0.00,499
0012,1,1,12039,P00500,FITTINGS-SPL 8-04,pcs,1.00,pcs,110.00,0.00,,0.00,500
0012,1,1,12040,P00501,FITTINGS-SPY 10,pcs,1.00,pcs,120.00,0.00,,0.00,501
0012,1,1,12041,P00502,FITTINGS-SPY 12,pcs,1.00,pcs,180.00,0.00,,0.00,502
0012,1,1,12042,P00503,FITTINGS-SPY 6,pcs,1.00,pcs,75.00,0.00,,0.00,503
0012,1,1,12043,P00504,FITTINGS-SPY 8,pcs,1.00,pcs,90.00,0.00,,0.00,504
0012,1,1,12044,P00505,FITTINGS-TEE 10MM,pcs,1.00,pcs,120.00,0.00,,0.00,505
0012,1,1,12045,P00506,FITTINGS-TEE 12MM,pcs,1.00,pcs,180.00,0.00,,0.00,506
0012,1,1,12046,P00507,FITTINGS-TEE 6MM,pcs,1.00,pcs,70.00,0.00,,0.00,507
0012,1,1,12047,P00508,FITTINGS-TEE 8MM,pcs,1.00,pcs,90.00,0.00,,0.00,508
0012,1,1,12048,P00509,FOOT VALVE 2 inch BRASS,pcs,1.00,pcs,0.00,0.00,,0.00,509
0012,1,1,12049,P00510,HOSE CLAMP-1/2,pcs,1.00,pcs,0.00,0.00,,0.00,510
0012,1,1,12050,P00511,HOSE CLIP-1/2,pcs,1.00,pcs,0.00,0.00,,0.00,511
0012,1,1,12051,P00512,HOSE CLIP-40-60,pcs,1.00,pcs,0.00,0.00,,0.00,512
0012,1,1,12052,P00513,HOSE CLIP-60-80,pcs,1.00,pcs,0.00,0.00,,0.00,513
0013,1,1,13001,P00514,COTTON GLOVES,pcs,1.00,pcs,18.00,0.00,,0.00,514
0014,1,1,14001,P00515,WELDING ROD 1/8 STAINLESS,kg,1.00,kg,14.00,0.00,,0.00,515
0014,1,1,14002,P00516,WELDING ROD 3/32 STAINLESS,kg,1.00,kg,11.00,0.00,,0.00,516
0014,1,1,14003,P00517,WELDING ROD 6011,kg,1.00,kg,0.00,0.00,,0.00,517
0014,1,1,14004,P00518,WELDING ROD 6013,kg,1.00,kg,130.00,0.00,,0.00,518
